image_url,description,link
https://raw.githubusercontent.com/TYSON-Alii/Assets/4c1dba5ab5dc078b1add22cd1d7cfebc338ad7ec/Images/kedyy.gif,Cats,https://github.com/TYSON-Alii/Assets/tree/main/Assets/cats
https://raw.githubusercontent.com/TYSON-Alii/Assets/8edb4dc872bf039aeb65bbf6d00108feb1a2013e/Images/comet-b.gif, Comets, https://github.com/TYSON-Alii/Assets/blob/8edb4dc872bf039aeb65bbf6d00108feb1a2013e/Images/comet-b.gif 
https://raw.githubusercontent.com/TYSON-Alii/Assets/914556b74d6fa3aaca7ce0404322a1317a37a6ed/Images/lofi.gif,Lofi kit,https://github.com/TYSON-Alii/Assets/blob/914556b74d6fa3aaca7ce0404322a1317a37a6ed/Assets/lofi-m.gif 
https://raw.githubusercontent.com/TYSON-Alii/Assets/40394ef389ebdf97892d63b7e1a7870ca6d090ae/Assets/uzay-min.gif,Mini Space Pack,https://github.com/TYSON-Alii/Assets/blob/732490cb29d4b3aa6516ac42a2ca5ef5ec7002c9/Assets/uzay-min.gif
https://raw.githubusercontent.com/TYSON-Alii/Assets/f5aea5753da8dc19fab6563cba3e29e3e2fe3abf/Images/pitsa.gif,Food,https://github.com/TYSON-Alii/Assets/blob/cdecb5ca3e3bca1204895eeb13b1934b54be5a85/Assets/pitsa-mi.gif
https://raw.githubusercontent.com/TYSON-Alii/Assets/732490cb29d4b3aa6516ac42a2ca5ef5ec7002c9/Assets/mini-anim.gif,Mini Mobs,https://github.com/TYSON-Alii/Assets/blob/732490cb29d4b3aa6516ac42a2ca5ef5ec7002c9/Assets/mini-anim.gif
https://raw.githubusercontent.com/TYSON-Alii/Assets/d744b2c6d572114cbd04daa8bfd3f8c7973051db/Images/mortaks.gif,Space Mobs,https://github.com/TYSON-Alii/Assets/blob/123b232d314d4ac6412532b662a501f356a75ea3/Assets/mortax.gif 
https://raw.githubusercontent.com/TYSON-Alii/Assets/732490cb29d4b3aa6516ac42a2ca5ef5ec7002c9/Assets/casino-pack.gif, Casino Pack,https://github.com/TYSON-Alii/Assets/blob/732490cb29d4b3aa6516ac42a2ca5ef5ec7002c9/Assets/casino-pack.gif
https://raw.githubusercontent.com/TYSON-Alii/Assets/b0dc1a7a21bf702e16f40eba28cbd27311a04329/Images/tilem.gif,Tilemap,https://github.com/TYSON-Alii/Assets/blob/663578ac17e752f89c9614df90075e68c8b34641/Assets/tilem.png
https://raw.githubusercontent.com/TYSON-Alii/Assets/732490cb29d4b3aa6516ac42a2ca5ef5ec7002c9/Images/tex.gif,Other,https://github.com/TYSON-Alii/Assets/tree/main/Assets
